{
    "errors_test": {
        "B": [
            0.95,
            0.8,
            0.95,
            0.9473684210526315,
            1.0,
            1.0,
            1.0,
            0.9473684210526315,
            1.0,
            1.0
        ],
        "CT": [
            0.25,
            0.3,
            0.15,
            0.3684210526315789,
            0.47368421052631576,
            0.10526315789473684,
            0.15789473684210525,
            0.2631578947368421,
            0.2631578947368421,
            0.3157894736842105
        ],
        "RLR": [
            0.35,
            0.45,
            0.1,
            0.42105263157894735,
            0.42105263157894735,
            0.21052631578947367,
            0.2631578947368421,
            0.3157894736842105,
            0.3157894736842105,
            0.15789473684210525
        ]
    },
    "parameters": {
        "B": [
            0.0,
            0.0,
            0.0,
            0.0,
            0.0,
            0.0,
            0.0,
            0.0,
            0.0,
            0.0
        ],
        "CT": [
            17.0,
            12.0,
            18.0,
            10.0,
            8.0,
            14.0,
            18.0,
            8.0,
            8.0,
            6.0
        ],
        "RLR": [
            0.044173447031400685,
            5.124805876960932,
            0.10771050560367691,
            3.807546021222372,
            5.124805876960932,
            0.03281927872511474,
            0.08002502278161053,
            0.02438354098268829,
            0.03281927872511474,
            0.26263635276533326
        ]
    },
    "statistical_tests": {
        "B-vs-CT": {
            "CI": [
                -0.4121998762270116,
                -0.25917623876469853
            ],
            "nn": [
                [
                    1.0,
                    7.0
                ],
                [
                    72.0,
                    113.0
                ]
            ],
            "p": 1.0590686720613956e-14,
            "theta": -0.33678756476683935
        },
        "B-vs-RLR": {
            "CI": [
                -0.37982434263665754,
                -0.22969606373702645
            ],
            "nn": [
                [
                    1.0,
                    7.0
                ],
                [
                    66.0,
                    119.0
                ]
            ],
            "p": 3.845005957472025e-13,
            "theta": -0.30569948186528495
        },
        "CT-vs-B": {
            "CI": [
                0.25917623876469853,
                0.4121998762270116
            ],
            "nn": [
                [
                    1.0,
                    72.0
                ],
                [
                    7.0,
                    113.0
                ]
            ],
            "p": 1.0590686720613956e-14,
            "theta": 0.33678756476683935
        },
        "CT-vs-RLR": {
            "CI": [
                -0.0260830809969127,
                0.08815898468456851
            ],
            "nn": [
                [
                    54.0,
                    19.0
                ],
                [
                    13.0,
                    107.0
                ]
            ],
            "p": 0.37708558747544885,
            "theta": 0.031088082901554404
        },
        "RLR-vs-B": {
            "CI": [
                0.22969606373702645,
                0.37982434263665743
            ],
            "nn": [
                [
                    1.0,
                    66.0
                ],
                [
                    7.0,
                    119.0
                ]
            ],
            "p": 3.845005957472025e-13,
            "theta": 0.30569948186528495
        },
        "RLR-vs-CT": {
            "CI": [
                -0.08815898468456851,
                0.02608308099691259
            ],
            "nn": [
                [
                    54.0,
                    13.0
                ],
                [
                    19.0,
                    107.0
                ]
            ],
            "p": 0.37708558747544885,
            "theta": -0.031088082901554404
        }
    }
}