{
    "errors_test": {
        "ANN": [
            18263471.076027215,
            11556832.897099506,
            5098518.467939285,
            7081670.7309816135,
            7241984.421092033,
            9003556.772029867,
            4623996.962225976,
            3042362.5121030626,
            10466077.735996949,
            9869523.451794839
        ],
        "B": [
            171028939.60465437,
            51624220.08313508,
            26837085.485580884,
            39961232.454295926,
            77616680.06765828,
            89006951.42824088,
            51870919.72099491,
            51896305.11628979,
            54569932.295921385,
            38054417.289720535
        ],
        "RR": [
            19139551.47312992,
            7072555.270291003,
            4187871.806089389,
            4988775.315392911,
            11968813.268669773,
            4080884.549669061,
            2153457.4928814312,
            9003384.420029279,
            5478809.9146703705,
            5229829.68015378
        ]
    },
    "parameters": {
        "ANN": [
            512.0,
            512.0,
            512.0,
            512.0,
            512.0,
            512.0,
            512.0,
            512.0,
            512.0,
            512.0
        ],
        "B": [
            13097.260115606936,
            13411.069364161849,
            13619.312138728324,
            13229.580459770115,
            13063.885057471265,
            13296.798850574713,
            13292.16091954023,
            13367.591954022988,
            13254.350574712644,
            13219.816091954022
        ],
        "RR": [
            0.14497406703726315,
            1.077105056036769,
            0.03046989570903508,
            0.18116091942004142,
            0.01951293422635963,
            0.35349811050301055,
            0.03046989570903508,
            0.14497406703726315,
            0.18116091942004142,
            0.03046989570903508
        ]
    },
    "statistical_tests": {
        "ANN-vs-RR": {
            "CI": [
                -63257.54874145673,
                63292.800094630875
            ],
            "p": 0.9939178705494129
        },
        "B-vs-ANN": {
            "CI": [
                -212398.52212602657,
                212437.1460263743
            ],
            "p": 0.9980149010634733
        },
        "B-vs-RR": {
            "CI": [
                -219652.2946715,
                219726.1699250219
            ],
            "p": 0.9963288162254309
        }
    }
}